<step title="Incoming Request" date="2025-08-24T12:42:25.443" instance="6507bd" url="/api/publish?type=zip" method="POST" type="request" pid="823,1,15" Accept="*/*" Host="nexusbank-app-2025.scm.azurewebsites.net" User-Agent="AZURECLI/2.76.0 (DEB)" Accept-Encoding="gzip, deflate" Authorization="Bea..." Cache-Control="no-cache" Content-Type="application/octet-stream" Content-Length="1228813" x-ms-client-request-id="a44f1448-80e7-11f0-b22b-00163ebab6ce" x-ms-artifact-checksum="7e9bb4b98e06493034bfa776baf083d4161fce422eb891609a6d627904837916" X-ARR-LOG-ID="a44f1448-80e7-11f0-b22b-00163ebab6ce" CLIENT-IP="102.164.1.247:39990" X-SITE-DEPLOYMENT-ID="nexusbank-app-2025" WAS-DEFAULT-HOSTNAME="nexusbank-app-2025.scm.azurewebsites.net" X-Forwarded-Proto="https" X-AppService-Proto="https" X-Forwarded-TlsVersion="1.3" X-WAWS-Unencoded-URL="/api/publish?type=zip" X-Client-IP="102.164.1.247" X-Client-Port="39990" >
  <step title="OneDeploy" date="2025-08-24T12:42:28.747" >
    <step title="None repository commit" date="2025-08-24T12:42:28.884" >
      <step title="Commit id: ab801c9a-ce15-43da-b315-e1d832abcef8" date="2025-08-24T12:42:28.961" Message="N/A" AuthorName="N/A" AuthorEmail="N/A" /><!-- duration: 57ms -->
    </step><!-- duration: 147ms -->
    <step title="Starting PushDeployAsync" date="2025-08-24T12:42:29.106" /><!-- duration: 33ms -->
    <step title="Writing artifact to /tmp/zipdeploy/3a13c578-0fa3-41cc-863a-dc6be2d329b1.zip" date="2025-08-24T12:42:29.341" >
      <step title="Writing multipart request body to /tmp/zipdeploy/3a13c578-0fa3-41cc-863a-dc6be2d329b1.zip" date="2025-08-24T12:42:29.439" /><!-- duration: 22ms -->
    </step><!-- duration: 625ms -->
    <step title="Attempting to fetch target branch HEAD" date="2025-08-24T12:42:30.268" /><!-- duration: 21ms -->
    <step title="Acquiring Deployment Lock" date="2025-08-24T12:42:30.330" /><!-- duration: 28ms -->
    <step title="Acquired Deployment Lock" date="2025-08-24T12:42:30.526" /><!-- duration: 29ms -->
    <step title="Performing fetch based deployment" date="2025-08-24T12:42:30.643" >
      <step title="Creating temporary deployment" date="2025-08-24T12:42:30.739" /><!-- duration: 215ms -->
      <step title="Releasing Deployment Lock" date="2025-08-24T12:42:32.449" /><!-- duration: 30ms -->
      <step title="Cleaning up temp folders from previous zip deployments and extracting pushed zip file /tmp/zipdeploy/3a13c578-0fa3-41cc-863a-dc6be2d329b1.zip (1.17 MB) to /tmp/zipdeploy/extracted" date="2025-08-24T12:42:32.655" >
        <step title="ChmodRecursive Process exited with total time taken in ms: 290" date="2025-08-24T12:42:33.580" /><!-- duration: 39ms -->
      </step><!-- duration: 984ms -->
      <step title="None repository commit" date="2025-08-24T12:42:33.660" >
        <step title="Commit id: ab801c9a-ce15-43da-b315-e1d832abcef8" date="2025-08-24T12:42:33.708" Message="OneDeploy" AuthorName="N/A" AuthorEmail="N/A" /><!-- duration: 28ms -->
      </step><!-- duration: 99ms -->
      <step title="Deployment timer started" date="2025-08-24T12:42:35.790" >
        <step title="DeploymentManager.Deploy(id:ab801c9a-ce15-43da-b315-e1d832abcef8)" date="2025-08-24T12:42:35.826" >
          <step title="Collecting changeset information" date="2025-08-24T12:42:35.888" /><!-- duration: 222ms -->
          <step title="Updating submodules" date="2025-08-24T12:42:36.141" /><!-- duration: 1350ms -->
          <step title="Determining deployment builder" date="2025-08-24T12:42:38.007" >
            <step title="Builder is OneDeployBuilder" date="2025-08-24T12:42:38.056" /><!-- duration: 13ms -->
          </step><!-- duration: 80ms -->
          <step title="PreDeployment: context.CleanOutputPath False" date="2025-08-24T12:42:38.203" >
            <step title="PreDeployment: context.OutputPath /home/site/wwwroot" date="2025-08-24T12:42:38.468" >
              <step title="Building" date="2025-08-24T12:42:38.830" >
                <step title="Executing external process" date="2025-08-24T12:42:40.039" type="process" path="starter.sh" arguments="/opt/Kudu/Scripts/parallel_rsync.sh /tmp/zipdeploy/extracted /home/site/wwwroot 8 /tmp/ False False  " /><!-- duration: 7073ms -->
                <step title="Modified file to trigger a restart of the app container." date="2025-08-24T12:42:47.622" /><!-- duration: 7ms -->
                <step title="Skip function trigger and logicapp sync because function is not enabled." date="2025-08-24T12:42:47.638" /><!-- duration: 6ms -->
              </step><!-- duration: 9998ms -->
            </step><!-- duration: 10456ms -->
            <step title="Cleaning up temp files" date="2025-08-24T12:42:48.943" /><!-- duration: 20ms -->
            <step title="Cleaning up temp files" date="2025-08-24T12:42:48.980" /><!-- duration: 529ms -->
            <step title="Reloading status file with latest updates" date="2025-08-24T12:42:49.588" >
              <step title="WebHooksManager.PublishEventAsync: PostDeployment" date="2025-08-24T12:42:49.628" /><!-- duration: 185ms -->
            </step><!-- duration: 251ms -->
            <step title="Cleaning up temporary deployment - fetch deployment was successful" date="2025-08-24T12:42:49.860" /><!-- duration: 20ms -->
          </step><!-- duration: 11833ms -->
        </step><!-- duration: 14277ms -->
        <step title="Outgoing response" date="2025-08-24T12:42:50.163" type="response" statusCode="200" statusText="OK" /><!-- duration: 18ms -->
      </step><!-- duration: 14403ms -->
