﻿<?xml version="1.0" encoding="utf-8"?>
<deployment>
  <id>ab801c9a-ce15-43da-b315-e1d832abcef8</id>
  <author>N/A</author>
  <deployer>OneDeploy</deployer>
  <authorEmail>N/A</authorEmail>
  <message>OneDeploy</message>
  <progress></progress>
  <status>Success</status>
  <statusText></statusText>
  <lastSuccessEndTime>2025-08-24T12:42:48.1258592Z</lastSuccessEndTime>
  <receivedTime>2025-08-24T12:42:35.9562716Z</receivedTime>
  <startTime>2025-08-24T12:42:37.8836556Z</startTime>
  <endTime>2025-08-24T12:42:48.1258592Z</endTime>
  <complete>True</complete>
  <is_temp>False</is_temp>
  <is_readonly>True</is_readonly>
  <buildSummary />
</deployment>